{
    "plddts": {
        "model_1_ptm_pred_0": 93.35360703775348,
        "model_2_ptm_pred_0": 93.56136972615026,
        "model_3_ptm_pred_0": 93.63513383399096,
        "model_4_ptm_pred_0": 93.84909679894126,
        "model_5_ptm_pred_0": 93.87183215303266
    },
    "order": [
        "model_5_ptm_pred_0",
        "model_4_ptm_pred_0",
        "model_3_ptm_pred_0",
        "model_2_ptm_pred_0",
        "model_1_ptm_pred_0"
    ]
}