{
    "plddts": {
        "model_1_ptm_pred_0": 93.61467865201081,
        "model_2_ptm_pred_0": 93.41034552633872,
        "model_3_ptm_pred_0": 93.9143233450015,
        "model_4_ptm_pred_0": 94.16646205696358,
        "model_5_ptm_pred_0": 91.14173563075121
    },
    "order": [
        "model_4_ptm_pred_0",
        "model_3_ptm_pred_0",
        "model_1_ptm_pred_0",
        "model_2_ptm_pred_0",
        "model_5_ptm_pred_0"
    ]
}