{
    "features": 107.76881885528564,
    "process_features_model_1_ptm_pred_0": 4.144883871078491,
    "predict_and_compile_model_1_ptm_pred_0": 188.086430311203,
    "process_features_model_2_ptm_pred_0": 2.3131191730499268,
    "predict_and_compile_model_2_ptm_pred_0": 184.67763686180115,
    "process_features_model_3_ptm_pred_0": 1.979295015335083,
    "predict_and_compile_model_3_ptm_pred_0": 149.29055857658386,
    "process_features_model_4_ptm_pred_0": 2.0225508213043213,
    "predict_and_compile_model_4_ptm_pred_0": 144.6109745502472,
    "process_features_model_5_ptm_pred_0": 1.9322247505187988,
    "predict_and_compile_model_5_ptm_pred_0": 146.4760820865631,
    "relax_model_4_ptm_pred_0": 12.19989800453186
}