{
    "plddts": {
        "model_1_ptm_pred_0": 93.41478373048206,
        "model_2_ptm_pred_0": 93.34481934562251,
        "model_3_ptm_pred_0": 93.90941544060351,
        "model_4_ptm_pred_0": 94.33847058687152,
        "model_5_ptm_pred_0": 92.23532372063468
    },
    "order": [
        "model_4_ptm_pred_0",
        "model_3_ptm_pred_0",
        "model_1_ptm_pred_0",
        "model_2_ptm_pred_0",
        "model_5_ptm_pred_0"
    ]
}