{
    "features": 482.08238339424133,
    "process_features_model_1_ptm_pred_0": 3.0173585414886475,
    "predict_and_compile_model_1_ptm_pred_0": 612.9603974819183,
    "process_features_model_2_ptm_pred_0": 1.7096261978149414,
    "predict_and_compile_model_2_ptm_pred_0": 542.2669785022736,
    "process_features_model_3_ptm_pred_0": 1.2061214447021484,
    "predict_and_compile_model_3_ptm_pred_0": 568.9174010753632,
    "process_features_model_4_ptm_pred_0": 1.1956429481506348,
    "predict_and_compile_model_4_ptm_pred_0": 569.3011748790741,
    "process_features_model_5_ptm_pred_0": 1.2202842235565186,
    "predict_and_compile_model_5_ptm_pred_0": 498.231778383255,
    "relax_model_4_ptm_pred_0": 15.170461177825928
}