{
    "plddts": {
        "model_1_ptm_pred_0": 93.0602997242589,
        "model_2_ptm_pred_0": 93.31538389873772,
        "model_3_ptm_pred_0": 93.87054124733999,
        "model_4_ptm_pred_0": 93.30228444684052,
        "model_5_ptm_pred_0": 92.49624503057943
    },
    "order": [
        "model_3_ptm_pred_0",
        "model_2_ptm_pred_0",
        "model_4_ptm_pred_0",
        "model_1_ptm_pred_0",
        "model_5_ptm_pred_0"
    ]
}