{
    "features": 114.51426243782043,
    "process_features_model_1_ptm_pred_0": 3.907857656478882,
    "predict_and_compile_model_1_ptm_pred_0": 182.4249472618103,
    "process_features_model_2_ptm_pred_0": 2.3142285346984863,
    "predict_and_compile_model_2_ptm_pred_0": 176.914555311203,
    "process_features_model_3_ptm_pred_0": 1.925661563873291,
    "predict_and_compile_model_3_ptm_pred_0": 143.82749700546265,
    "process_features_model_4_ptm_pred_0": 1.9303877353668213,
    "predict_and_compile_model_4_ptm_pred_0": 139.38913464546204,
    "process_features_model_5_ptm_pred_0": 1.9005956649780273,
    "predict_and_compile_model_5_ptm_pred_0": 142.52642178535461,
    "relax_model_3_ptm_pred_0": 12.105595350265503
}