{
    "plddts": {
        "model_1_ptm_pred_0": 93.77788831044073,
        "model_2_ptm_pred_0": 93.45160141560407,
        "model_3_ptm_pred_0": 93.6738996032317,
        "model_4_ptm_pred_0": 94.5284308014791,
        "model_5_ptm_pred_0": 93.2479943605404
    },
    "order": [
        "model_4_ptm_pred_0",
        "model_1_ptm_pred_0",
        "model_3_ptm_pred_0",
        "model_2_ptm_pred_0",
        "model_5_ptm_pred_0"
    ]
}