{
    "plddts": {
        "model_1_ptm_pred_0": 93.11133654387136,
        "model_2_ptm_pred_0": 93.68708173736673,
        "model_3_ptm_pred_0": 93.79270570030405,
        "model_4_ptm_pred_0": 94.34383826436529,
        "model_5_ptm_pred_0": 93.13696357293382
    },
    "order": [
        "model_4_ptm_pred_0",
        "model_3_ptm_pred_0",
        "model_2_ptm_pred_0",
        "model_5_ptm_pred_0",
        "model_1_ptm_pred_0"
    ]
}