{
    "features": 483.39899945259094,
    "process_features_model_1_ptm_pred_0": 3.4916889667510986,
    "predict_and_compile_model_1_ptm_pred_0": 925.4501535892487,
    "process_features_model_2_ptm_pred_0": 2.052255868911743,
    "predict_and_compile_model_2_ptm_pred_0": 828.8011531829834,
    "process_features_model_3_ptm_pred_0": 1.5748522281646729,
    "predict_and_compile_model_3_ptm_pred_0": 876.2401883602142,
    "process_features_model_4_ptm_pred_0": 1.6073687076568604,
    "predict_and_compile_model_4_ptm_pred_0": 874.2005307674408,
    "process_features_model_5_ptm_pred_0": 1.5806963443756104,
    "predict_and_compile_model_5_ptm_pred_0": 776.624941110611,
    "relax_model_4_ptm_pred_0": 31.12623929977417
}