{
    "plddts": {
        "model_1_ptm_pred_0": 93.68170390856557,
        "model_2_ptm_pred_0": 93.55441033684235,
        "model_3_ptm_pred_0": 93.92777743146908,
        "model_4_ptm_pred_0": 94.31342174898617,
        "model_5_ptm_pred_0": 93.84999229622107
    },
    "order": [
        "model_4_ptm_pred_0",
        "model_3_ptm_pred_0",
        "model_5_ptm_pred_0",
        "model_1_ptm_pred_0",
        "model_2_ptm_pred_0"
    ]
}