{
    "features": 282.14075541496277,
    "process_features_model_1_ptm_pred_0": 4.010084629058838,
    "predict_and_compile_model_1_ptm_pred_0": 187.22367238998413,
    "process_features_model_2_ptm_pred_0": 2.3598031997680664,
    "predict_and_compile_model_2_ptm_pred_0": 181.2558948993683,
    "process_features_model_3_ptm_pred_0": 1.941410779953003,
    "predict_and_compile_model_3_ptm_pred_0": 148.91941785812378,
    "process_features_model_4_ptm_pred_0": 1.9437828063964844,
    "predict_and_compile_model_4_ptm_pred_0": 142.4131999015808,
    "process_features_model_5_ptm_pred_0": 1.9420256614685059,
    "predict_and_compile_model_5_ptm_pred_0": 147.2802016735077,
    "relax_model_4_ptm_pred_0": 12.43309497833252
}