{
    "plddts": {
        "model_1_ptm_pred_0": 94.03297152341784,
        "model_2_ptm_pred_0": 93.600805820655,
        "model_3_ptm_pred_0": 93.91753020455916,
        "model_4_ptm_pred_0": 93.43128819494605,
        "model_5_ptm_pred_0": 91.81391847493457
    },
    "order": [
        "model_1_ptm_pred_0",
        "model_3_ptm_pred_0",
        "model_2_ptm_pred_0",
        "model_4_ptm_pred_0",
        "model_5_ptm_pred_0"
    ]
}