{
    "features": 77.83845138549805,
    "process_features_model_1_ptm_pred_0": 3.945699691772461,
    "predict_and_compile_model_1_ptm_pred_0": 185.95673847198486,
    "process_features_model_2_ptm_pred_0": 2.3201799392700195,
    "predict_and_compile_model_2_ptm_pred_0": 178.36873269081116,
    "process_features_model_3_ptm_pred_0": 1.877084493637085,
    "predict_and_compile_model_3_ptm_pred_0": 146.31908321380615,
    "process_features_model_4_ptm_pred_0": 1.9489567279815674,
    "predict_and_compile_model_4_ptm_pred_0": 145.22604513168335,
    "process_features_model_5_ptm_pred_0": 1.9891748428344727,
    "predict_and_compile_model_5_ptm_pred_0": 148.00919151306152,
    "relax_model_1_ptm_pred_0": 12.745166540145874
}