{
    "plddts": {
        "model_1_ptm_pred_0": 93.48453820945383,
        "model_2_ptm_pred_0": 93.46326115303368,
        "model_3_ptm_pred_0": 93.66867247200213,
        "model_4_ptm_pred_0": 94.4042108280012,
        "model_5_ptm_pred_0": 92.17327075643561
    },
    "order": [
        "model_4_ptm_pred_0",
        "model_3_ptm_pred_0",
        "model_1_ptm_pred_0",
        "model_2_ptm_pred_0",
        "model_5_ptm_pred_0"
    ]
}