{
    "plddts": {
        "model_1_ptm_pred_0": 93.35993474237961,
        "model_2_ptm_pred_0": 93.0526133875526,
        "model_3_ptm_pred_0": 93.8541548993336,
        "model_4_ptm_pred_0": 94.24981370919932,
        "model_5_ptm_pred_0": 94.52057029654884
    },
    "order": [
        "model_5_ptm_pred_0",
        "model_4_ptm_pred_0",
        "model_3_ptm_pred_0",
        "model_1_ptm_pred_0",
        "model_2_ptm_pred_0"
    ]
}