{
    "features": 83.47577953338623,
    "process_features_model_1_ptm_pred_0": 3.890521287918091,
    "predict_and_compile_model_1_ptm_pred_0": 183.75779104232788,
    "process_features_model_2_ptm_pred_0": 2.368844747543335,
    "predict_and_compile_model_2_ptm_pred_0": 180.44065499305725,
    "process_features_model_3_ptm_pred_0": 1.9060118198394775,
    "predict_and_compile_model_3_ptm_pred_0": 147.65932726860046,
    "process_features_model_4_ptm_pred_0": 1.9331510066986084,
    "predict_and_compile_model_4_ptm_pred_0": 143.24312949180603,
    "process_features_model_5_ptm_pred_0": 1.9450371265411377,
    "predict_and_compile_model_5_ptm_pred_0": 144.67638444900513,
    "relax_model_5_ptm_pred_0": 12.1755051612854
}